{
    "brand": "D'addario",
    "fundamental": "D3",
    "young": 65000000000.0,
    "density": 8800,
    "r": 0.0003068987464849231,
    "T": 94.176,
    "L": 0.6476,
    "R": 0.645,
    "eta": 1e-06,
    "r_core": 0.00015344937324246154
}