{ 
  "S" : [[-36.61504, 1456.63128], [ -69.17822, 4330.45155], [ -89.01245, 7224.45794], [ -126.65184, 10508.25041], [-147.54512, 14057.91896], [-176.85743, 16472.2217], [ -223.32566, 18393.08498], [-249.05263, 20315.74484], [-610.64813, 24887.21313]],
  "C" : [[6667316.37779, 167594.93919], [ 5753220.94788, 91906.72239], [  4330162.46599, 53351.87262], [ 2781086.9829 , 33519.35558], [  2970255.0025 , 31174.36023], [ 9300792.42187, 99859.88705], [  7264517.61321, 88204.51807], [ 3561223.75383, 43657.37778], [ 19306502.93222, 473716.35386]]
}
