{ 
  "S" : [[-70.07429, 3301.48052], [ -133.68744, 10700.84727], [  -316.51144, 16487.96362], [ -295.40197, 17470.80754], [  -378.38584, 18849.79317], [ -417.23412, 21563.71912], [ -1928.6064, 30261.38689]],
  "C" : [[16214754.33686, 344159.94047], [10547285.25897, 131768.96361], [  2120628.10796 , 40708.6686], [14571478.42525, 246379.18963], [  1995896.36698 , 40065.10424], [ 1020291.68738 , 19741.51579], [ 74066541.26258, 4720378.68511]]
}
