{ 
  "S" :  [[ -43.57015 ,1576.7785], [ -80.98604 ,4705.25883], [-110.97166 ,7819.53523], [-175.86048,11530.38676], [-196.41372,14963.0198], [-300.95309,17099.01041], [-246.99229,18463.87267], [-225.27196,20742.63673], [-400.55683,23982.33191], [-824.63281,29750.66935]],
  "C" : [[8072334.56902 ,223057.877], [6935993.52145 ,119381.02782], [771279.16948  ,67712.05083], [ 4549154.58447  ,69383.32102], [6832370.43281  ,89685.86041], [ 7762867.59108 ,136631.23806], [6184755.22353  ,82733.82736], [ 4196589.69491  ,45576.36585], [910939.62233  ,15214.66244], [48560892.63065,1346016.95065]]
}