{ 
  "S" : [[-54.83752 , 2141.09138], [-89.42364 , 6452.9872], [-154.56259, 11468.77885], [-433.71909, 15374.66149], [-271.27162, 16235.35998], [-417.49295, 18056.48864], [-253.18754, 19648.36902], [-452.4364 , 22151.60777]],
  "C" : [[11106411.05176, 284456.81007], [8299490.39221, 115011.95429], [5662044.40478 , 76306.31397], [3148495.53787 , 88819.03747], [9790976.12569, 163594.39888], [4276068.13521 , 98869.07346], [6967235.04362 , 89779.31354], [1187600.30461 , 24256.18995]]
}