{ 
  "S" : [[-58.72615, 2465.29017], [  -99.38012, 7490.68295], [ -194.88028, 13421.9215], [-1104.81676, 18088.24764]], 
  "C" : [[12364488.16888, 294536.83917], [ 7605854.90509, 100908.12794], [ 8116936.15153, 117854.27024], [35691049.96366, 2179982.88899]]
}
