{
  "S" : [[-12.79507, 238.14112], [-15.96522, 698.32132], [-20.1929, 1062.25783], [-23.18431, 1437.69254], [-25.51674, 1838.45855], [-29.43582, 2176.30791], [-32.09147, 2532.61621], [-35.84618, 2920.13687], [-40.9007, 3306.98009], [-7.15194, 3320.67493], [-45.96498, 3707.32024], [-185.55058, 4730.29139]],
  "C" : [[251.74259, 13.52586], [205.61518, 4.70083], [210.6934 , 4.00516], [201.36497, 3.24722], [231.04747, 3.20681], [261.52182, 3.53723], [154.60599, 1.95905], [149.49851, 1.83517], [175.35389, 2.16877], [100.32896, 1.24392], [853.08213, 33.46303]]
}

