{ 
  "S" : [[ -46.72341, 1753.81259], [ -84.82511, 5266.38553], [-127.3105 , 8816.95382], [ -240.14196, 12865.94529], [-351.11903, 16008.7925], [-278.1327, 17032.4975], [-233.32155, 19175.51408], [-340.23346, 21159.20065], [-182.777 , 28895.63029]],
   "C" : [[ 9062412.22979, 241432.16504], [ 7600971.54404, 122428.03859], [  4656220.03529, 67232.48361], [ 5444560.71937, 101622.34257], [  7714914.48218, 169210.34471], [ 6223667.5194, 101629.57486], [  6886320.22687, 83790.55227], [ 2088068.98355, 33575.50931], [ 48846699.09677, 308975.88658]]
}
