{
    "brand": "D'addario",
    "fundamental": "G3",
    "young": 65000000000.0,
    "density": 8800,
    "d": 0.0005240752412328035,
    "T": 122.33070000000001,
    "L": 0.6476,
    "eta": 1e-06,
    "epsilon": 1e-06
}