{
    "brand": "D'addario",
    "fundamental": "E4",
    "young": 65000000000.0,
    "density": 8800,
    "r": 0.00011970071217243013,
    "T": 72.20160000000001,
    "L": 0.6476,
    "R": 0.645,
    "eta": 2.2e-08,
    "r_core": 0.00011970071217243013
}