{ 
  "S" : [[-19.14638, 1296.53964], [-41.61259, 3855.00857], [ -57.60817, 6488.26369], [ -51.14388, 9152.11839], [-100.64299, 11945.96359], [ -98.92749, 13950.74239], [-165.42353, 15727.07887], [-166.00411, 17780.58348], [-210.66824, 20099.60445], [ -590.10363, 25012.54649]], 
   "C" : [[3409727.68024, 50352.43957], [ 3334763.7662 , 35996.84789], [  2998856.04909, 26626.32471], [ 1104886.00382 , 6174.32547], [  1825589.06915, 15380.32073], [  834229.43627 , 5915.68678], [  6814157.32061, 71673.95804], [10499899.55519, 98029.76777], [ 4845431.84538, 50786.00549], [18682703.63927, 440768.04788]]
}
