{
    "brand": "D'addario",
    "fundamental": "A2",
    "young": 65000000000.0,
    "density": 8800,
    "r": 0.00035502287998828485,
    "T": 70.73010000000001,
    "L": 0.6476,
    "R": 0.645,
    "eta": 2.2e-08,
    "r_core": 0.00017751143999414243
}