{
    "brand": "D'addario",
    "fundamental": "D3",
    "young": 65000000000.0,
    "density": 8800,
    "r": 0.0002635579536612159,
    "T": 69.4548,
    "L": 0.6476,
    "R": 0.23,
    "eta": 2.24e-07,
    "r_core": 0.00013177897683060795
}