{ 
  "S" : [[-74.22693, 3621.35207], [ -141.27116, 12127.48757], [-65.93732, 14773.09448], [ -336.55846, 18488.51919], [ -271.92555, 19078.82985], [ -516.68476, 21696.16245], [ -2250.85779, 36019.83628]],
  "C" : [[1.71998e+07, 3.52544e+05], [1.27576e+07, 1.48611e+05], [ 8.56895e+02, 3.82461e+00], [5.45858e+06, 9.93661e+04], [ 1.23066e+07, 1.75402e+05], [6.20356e+05, 1.47735e+04], [ 1.13755e+08, 7.10847e+06]]
}
