{ 
  "S" : [[-43.1637 , 1576.2107], [ -80.7379 , 4704.62722], [-111.27025, 7818.0697], [ -185.85736, 11531.18584], [-194.30318, 14964.76546], [-300.48163, 17114.19909], [ -262.55859, 18465.1844], [-837.84242, 22303.68504]],
  "C" : [[7985404.03013, 218676.0748], [ 6916941.71185, 118704.26816], [  4837608.11347, 68850.99157], [ 4495604.44706, 72459.25714], [  6655838.72883, 86419.70752], [ 7528765.31129, 132185.89218], [  6581885.74699, 93588.59211], [26429562.80381, 992831.85025]]
}
