{
    "brand": "D'addario",
    "fundamental": "B3",
    "young": 65000000000.0,
    "density": 8800,
    "r": 0.0001376205481330963,
    "T": 53.5626,
    "L": 0.6476,
    "R": 0.645,
    "eta": 2.2e-08,
    "r_core": 0.0001376205481330963
}