{
    "brand": "D'addario",
    "fundamental": "E2",
    "young": 65000000000.0,
    "density": 8800,
    "r": 0.00044753124093075477,
    "T": 63.0783,
    "L": 0.6476,
    "R": 0.645,
    "eta": 2.2e-08,
    "r_core": 0.00022376562046537738
}