{
    "brand": "D'addario",
    "fundamental": "G3",
    "young": 65000000000.0,
    "density": 8800,
    "r": 0.00017227600935583638,
    "T": 52.8759,
    "L": 0.6476,
    "R": 0.645,
    "eta": 2.2e-08,
    "r_core": 0.00017227600935583638
}