{
    "brand": "D'addario",
    "fundamental": "E4",
    "young": 65000000000.0,
    "density": 8800,
    "d": 0.000263258756823908,
    "T": 87.30900000000001,
    "L": 0.6476,
    "eta": 1e-06,
    "epsilon": 1e-06
}