{
    "brand": "D'addario",
    "fundamental": "A2",
    "young": 65000000000.0,
    "density": 8800,
    "r": 0.00042143981664903124,
    "T": 99.6696,
    "L": 0.6476,
    "eta": 1e-06,
    "epsilon": 1e-06,
    "r_core": 0.00021071990832451562
}