{ 
  "S" : [[-65.37776, 2902.86322], [-119.49553, 9026.25054], [-262.39476, 14504.48955], [ -393.3161, 15580.72852], [-476.49569, 17066.77217], [-427.17203, 18801.69338], [ -353.05691, 20809.13177], [-805.08127, 26843.7742]],
  "C" : [[14446592.43702, 325363.5526], [ 8992730.46262, 119051.76957], [-87992.80236 , -1591.8416], [12688236.83358, 320298.75009], [  4143006.47895, 115670.65499], [ 3952377.90054 , 89797.5122], [  5606073.02524 , 95115.10763], [41264872.86339, 1237589.62318]]
}
