{ 
  "S" : [[-54.20884, 2140.77152], [ -87.98653, 6454.85668], [-156.22329, 11467.12653], [ -384.60803, 15436.54934], [-283.22806, 16212.86727], [-432.02757, 18007.92509], [ -251.62582, 19643.61173], [-134.66306, 22319.57534]], 
  "C" : [[10866243.58068, 275156.14397], [ 7884885.29159, 107479.33393], [ 5819056.1561 , 79276.36172], [ 3904077.27669, 97271.70542], [ 9878551.11482, 172571.74776], [ 3891618.09448, 93363.68917], [  6489469.39751, 83127.18183], [ 2457302.36852, 14825.9026]]
}
