{
    "brand": "D'addario",
    "fundamental": "E2",
    "young": 65000000000.0,
    "density": 8800,
    "d": 0.0011661108642601183,
    "T": 107.06634,
    "L": 0.6476,
    "eta": 1e-06,
    "epsilon": 1e-06
}