{ 
  "S" : [[-18.31488, 1141.40517], [ -50.21301, 3405.25901], [ -75.94837, 5786.57359], [ -109.26051, 8104.76917], [-126.14145, 10858.43728], [-155.5795, 13179.16042], [ -160.16815, 15699.16389], [-170.4576, 17753.60914], [-214.84605, 19877.27577], [ -276.94523, 21950.23005]],
  "C" : [[3396728.4789, 54503.59144], [ 3873928.92658, 57123.88246], [  3798044.63958, 49849.07032], [ 2933929.53811, 39552.34502], [  2389118.54534, 27754.16647], [ 3312059.41653, 39098.73854], [  7402238.29075, 75520.12607], [10233393.62026, 98253.81041], [  4647181.43688, 50229.64879], [ 1279524.50258, 16143.71257]]
}
