{
    "brand": "D'addario",
    "fundamental": "A2",
    "young": 65000000000.0,
    "density": 8800,
    "d": 0.0009336460567464614,
    "T": 122.29146,
    "L": 0.6476,
    "eta": 1e-06,
    "epsilon": 1e-06
}