{
    "brand": "D'addario",
    "fundamental": "E4",
    "young": 65000000000.0,
    "density": 8800,
    "d": 0.0002873711455526583,
    "T": 104.03505000000001,
    "L": 0.6476,
    "eta": 1e-06,
    "epsilon": 1e-06
}