{
    "brand": "D'addario",
    "fundamental": "E2",
    "young": 65000000000.0,
    "density": 8800,
    "r": 0.000510904679456404,
    "T": 82.2078,
    "L": 0.6476,
    "R": 0.645,
    "eta": 1e-06,
    "r_core": 0.000255452339728202
}