{
    "brand": "D'addario",
    "fundamental": "B3",
    "young": 65000000000.0,
    "density": 8800,
    "r": 0.0001675179010290045,
    "T": 79.3629,
    "L": 0.6476,
    "eta": 1e-06,
    "epsilon": 1e-06,
    "r_core": 0.0001675179010290045
}