{
    "brand": "D'addario",
    "fundamental": "E4",
    "young": 65000000000.0,
    "density": 8800,
    "r": 0.000131629378411954,
    "T": 87.30900000000001,
    "L": 0.6476,
    "eta": 1e-06,
    "epsilon": 1e-06,
    "r_core": 0.000131629378411954
}