{ 
  "S" : [[-51.13099, 1954.32593], [ -77.97443, 5887.15281], [-139.54491, 10197.34239], [ -255.82994, 14349.78564], [-453.97896, 16042.29603], [-262.30501, 17691.47923], [ -323.20277, 19323.48153], [-306.66035, 21715.91353]], 
  "C" : [[10097161.16837, 264171.80368], [ 7062233.50691, 93538.19208], [ 4796886.63348, 65642.70392], [ 6599140.96788, 117650.38786], [ 3417355.94919, 96707.33591], [10025960.47542, 148651.20269], [  4388715.94462, 73405.25798], [ 2409728.32843, 34028.87629]]
}
